
{
  "stepsize" : 0.0041112,
  "metric_type" : "diag_e",
  "inv_metric" : [ 0.0144899, 0.0439199, 0.0582445, 0.13592, 0.936496, 0.00363146, 2.27693, 0.0216743, 1.56043, 0.218628 ]
}
