
{
  "stepsize" : 0.00417484,
  "metric_type" : "diag_e",
  "inv_metric" : [ 0.0142565, 0.0450595, 0.0551226, 0.137819, 0.86407, 0.00336628, 2.34446, 0.0218421, 1.81079, 0.224934 ]
}
