
{
  "stepsize" : 0.00360206,
  "metric_type" : "diag_e",
  "inv_metric" : [ 0.0151335, 0.0432421, 0.0553347, 0.143352, 0.846707, 0.00319374, 2.13443, 0.0215104, 1.64215, 0.243156 ]
}
