
{
  "stepsize" : 0.00396695,
  "metric_type" : "diag_e",
  "inv_metric" : [ 0.0133759, 0.0350415, 0.0496355, 0.118096, 0.862991, 0.00305672, 1.87588, 0.0199783, 1.60227, 0.231669 ]
}
