"","Estimate","Std. Error","Lower","Upper"
"e:1:10",28.5448861454902,0.839228165317939,26.3875814677695,30.7021908232108
