"","Estimate","Std. Error","Lower","Upper"
"e:1:10",21.3104506862809,0.208285482976999,20.4142705843827,22.2066307881791
