
{
  "stepsize" : 0.00643259,
  "metric_type" : "diag_e",
  "inv_metric" : [ 0.00966919, 0.0288064, 0.0251606, 0.158891, 0.106928, 0.000883693, 2.32509, 0.0181534, 1.5667, 0.0893169 ]
}
