
{
  "stepsize" : 0.0052258,
  "metric_type" : "diag_e",
  "inv_metric" : [ 0.00978154, 0.0298231, 0.0258366, 0.162692, 0.11445, 0.000921962, 2.31521, 0.0182343, 1.55719, 0.0964739 ]
}
