
{
  "stepsize" : 0.0321252,
  "metric_type" : "diag_e",
  "inv_metric" : [ 0.00401547, 0.876791, 0.00938786, 0.992996, 0.00037686, 0.032861, 0.00869827, 0.00685939 ]
}
