
{
  "stepsize" : 0.0384747,
  "metric_type" : "diag_e",
  "inv_metric" : [ 0.00416597, 0.659224, 0.00995199, 0.910921, 0.000363075, 0.0326174, 0.00813611, 0.00646036 ]
}
