
{
  "stepsize" : 0.0338712,
  "metric_type" : "diag_e",
  "inv_metric" : [ 0.00410479, 0.734344, 0.00947314, 1.06532, 0.000358053, 0.0333167, 0.0085971, 0.00685311 ]
}
