
{
  "stepsize" : 0.0361916,
  "metric_type" : "diag_e",
  "inv_metric" : [ 0.00407483, 0.721854, 0.00933755, 1.05207, 0.000365912, 0.0324312, 0.00830661, 0.00664109 ]
}
