
{
  "stepsize" : 0.0168866,
  "metric_type" : "diag_e",
  "inv_metric" : [ 0.0815914, 0.102379, 0.00146396, 0.00508024, 0.0059612, 0.12681, 1.10498, 0.110821, 0.0965186, 0.186902, 0.0216012, 0.448332, 0.706994, 1.80504, 0.802913, 0.736384 ]
}
