
{
  "stepsize" : 0.0158743,
  "metric_type" : "diag_e",
  "inv_metric" : [ 0.0872212, 0.108636, 0.00147562, 0.00510958, 0.00549961, 0.129005, 0.900565, 0.102057, 0.0857754, 0.202588, 0.0222115, 0.388001, 0.570474, 2.07993, 0.76781, 0.781252 ]
}
