
{
  "stepsize" : 0.0354414,
  "metric_type" : "diag_e",
  "inv_metric" : [ 0.00462503, 0.722189, 0.0116221, 0.797175, 0.000378294, 0.00336658 ]
}
