
{
  "stepsize" : 0.0390609,
  "metric_type" : "diag_e",
  "inv_metric" : [ 0.0046107, 0.614, 0.0109839, 1.06918, 0.000366474, 0.00342754 ]
}
