
{
  "stepsize" : 0.0363703,
  "metric_type" : "diag_e",
  "inv_metric" : [ 0.00474034, 0.705433, 0.0115155, 0.933634, 0.000398652, 0.00332074 ]
}
