
{
  "stepsize" : 0.0312949,
  "metric_type" : "diag_e",
  "inv_metric" : [ 0.00507172, 0.578917, 0.0126237, 0.938135, 0.000387686, 0.00354448 ]
}
