
{
  "stepsize" : 0.00578461,
  "metric_type" : "diag_e",
  "inv_metric" : [ 0.00974677, 0.029252, 0.0245884, 0.160601, 0.11633, 0.000884851, 2.45578, 0.0185095, 1.56716, 0.0916982 ]
}
