
{
  "stepsize" : 0.00606738,
  "metric_type" : "diag_e",
  "inv_metric" : [ 0.00967123, 0.0295871, 0.0256274, 0.154457, 0.136053, 0.000976156, 2.11254, 0.019183, 1.62483, 0.0908101 ]
}
