
{
  "stepsize" : 0.0186221,
  "metric_type" : "diag_e",
  "inv_metric" : [ 0.0838941, 0.10204, 0.00153029, 0.00512642, 0.00566358, 0.127825, 0.948275, 0.0938389, 0.0796383, 0.199661, 0.022477, 0.474524, 0.606303, 2.33403, 0.658924, 0.686506 ]
}
