
{
  "stepsize" : 0.0150947,
  "metric_type" : "diag_e",
  "inv_metric" : [ 0.0778485, 0.0954125, 0.00139728, 0.00492485, 0.00562013, 0.12722, 1.22166, 0.0906422, 0.0754601, 0.191268, 0.0210663, 0.524647, 0.765587, 1.75261, 0.722499, 0.64121 ]
}
